,Participant,Condition,Before Tension,After Tension,Before Vigor,After Vigor,Before Confusion,After Confusion,Before Fatigue,After Fatigue,Before Anger_x,After Anger_x,Before Depression,After Depression,Change_Tension,Change_Vigor,Change_Confusion,Change_Fatigue,Change_Anger,Change_Depression
count,14.0,14.0,14.0,14.0,14.0,14.0,14.0,14.0,14.0,14.0,14.0,14.0,14.0,14.0,14.0,14.0,14.0,14.0,14.0,14.0
mean,25.428571428571427,0.0,1.5714285714285714,2.142857142857143,7.071428571428571,6.142857142857143,2.7857142857142856,4.0,4.5,4.357142857142857,1.0,0.6428571428571429,2.2142857142857144,2.642857142857143,0.5714285714285714,-0.9285714285714286,1.2142857142857142,-0.14285714285714285,-0.35714285714285715,0.42857142857142855
std,10.675019623215874,0.0,1.785164750607962,2.7695360027141134,2.555966946767315,2.8245392505720255,3.2148351178816057,3.721042037676254,3.204564052914338,3.3651412784868073,1.8397324220155997,1.2157392722216296,3.2858337293148745,2.6488645711858347,1.554857684028483,2.6736401493753137,3.4680646659877215,2.5677629550654775,1.0082080720186266,1.869359648250035
min,5.0,0.0,0.0,0.0,2.0,2.0,0.0,0.0,0.0,0.0,0.0,0.0,0.0,0.0,-2.0,-7.0,-7.0,-5.0,-2.0,-3.0
25%,20.25,0.0,0.0,0.0,6.0,4.25,0.25,0.25,1.25,3.0,0.0,0.0,1.0,1.0,0.0,-2.0,0.0,-1.0,-1.0,-0.75
50%,25.0,0.0,1.0,1.5,7.0,6.0,1.5,3.5,5.0,3.5,0.0,0.0,1.0,1.5,0.0,-1.0,1.0,0.5,0.0,0.0
75%,34.75,0.0,2.0,3.0,8.75,7.75,4.0,6.5,6.0,4.75,1.0,0.75,2.75,3.0,1.75,0.75,2.75,1.0,0.0,1.75
max,40.0,0.0,6.0,10.0,11.0,11.0,11.0,11.0,9.0,10.0,6.0,4.0,13.0,10.0,4.0,3.0,8.0,4.0,2.0,3.0
