,Participant,Condition,Before Tension,After Tension,Before Vigor,After Vigor,Before Confusion,After Confusion,Before Fatigue,After Fatigue,Before Anger_x,After Anger_x,Before Depression,After Depression,Change_Tension,Change_Vigor,Change_Confusion,Change_Fatigue,Change_Anger,Change_Depression
count,14.0,14.0,14.0,14.0,14.0,14.0,14.0,14.0,14.0,14.0,14.0,14.0,14.0,14.0,14.0,14.0,14.0,14.0,14.0,14.0
mean,20.0,2.0,3.0714285714285716,1.6428571428571428,7.142857142857143,7.214285714285714,4.571428571428571,4.071428571428571,7.285714285714286,4.928571428571429,2.7857142857142856,1.7142857142857142,5.0,2.4285714285714284,-1.4285714285714286,0.07142857142857142,-0.5,-2.357142857142857,-1.0714285714285714,-2.5714285714285716
std,12.285075373113383,0.0,2.555966946767316,2.205138853368958,3.43862993417085,4.263955755084553,2.5027457449242148,2.9733246275271292,3.196839098200005,3.02462421605588,3.806443351609346,1.7288756430151326,4.314554973040049,1.9889806323953876,3.523859023511358,4.921917789365719,3.204564052914338,3.4105524672504495,4.008918628686366,4.397801648626202
min,2.0,2.0,0.0,0.0,2.0,1.0,1.0,0.0,3.0,0.0,0.0,0.0,1.0,0.0,-7.0,-6.0,-7.0,-9.0,-10.0,-12.0
25%,10.5,2.0,1.25,0.0,4.25,4.0,2.25,2.25,5.0,3.0,0.0,0.0,2.0,1.0,-3.0,-2.0,-2.5,-3.75,-1.75,-2.75
50%,18.0,2.0,3.0,0.5,7.0,6.5,5.0,3.5,6.5,5.0,1.0,1.5,3.5,2.0,-1.0,-0.5,0.0,-1.5,0.0,-1.5
75%,29.5,2.0,3.75,2.0,10.25,9.5,7.0,5.75,9.0,6.75,3.75,2.75,7.5,3.75,0.0,1.75,1.75,-0.25,0.75,-0.25
max,41.0,2.0,9.0,6.0,13.0,16.0,8.0,10.0,14.0,11.0,12.0,5.0,15.0,6.0,5.0,14.0,5.0,2.0,4.0,4.0
