,Before Mean,Before Median,Before Std Dev,Before Min,Before Max,Before Q1,Before Q3,Before IQR,After Mean,After Median,After Std Dev,After Min,After Max,After Q1,After Q3,After IQR
Anger,7.617647058823529,4.0,6.854581979788925,4.0,28.0,4.0,7.0,3.0,4.794117647058823,4.0,2.257340965670476,4.0,11.5,4.0,4.0,0.0
Disgust,6.823529411764706,4.0,5.708932629196624,4.0,25.0,4.0,7.0,3.0,4.794117647058823,4.0,1.5109891579009154,4.0,10.0,4.0,5.5,1.5
Fear,6.117647058823529,4.0,6.071267916806757,4.0,28.0,4.0,4.0,0.0,4.088235294117647,4.0,0.3638034375544994,4.0,5.5,4.0,4.0,0.0
Anxiety,9.029411764705882,7.0,7.347343457492165,4.0,28.0,4.0,8.5,4.5,5.323529411764706,4.0,2.0458889912959313,4.0,10.0,4.0,7.0,3.0
Sadness,7.970588235294118,5.5,6.8726600295921045,4.0,28.0,4.0,8.5,4.5,4.882352941176471,4.0,1.5961811042757832,4.0,10.0,4.0,5.5,1.5
Desire,9.647058823529411,8.5,6.419610351012243,4.0,28.0,4.0,11.5,7.5,7.617647058823529,7.0,3.714538210551489,4.0,16.0,4.0,10.0,6.0
Relaxation,15.647058823529411,17.5,6.309132036883007,7.0,25.0,10.0,20.5,10.5,18.735294117647058,19.0,6.607565850643354,4.0,28.0,14.5,22.0,7.5
Happiness,12.823529411764707,13.0,4.650071156950814,7.0,20.5,8.5,16.0,7.5,17.41176470588235,16.0,5.235800124257654,7.0,28.0,14.5,22.0,7.5
